batch_size,best_epoch_by_val_accuracy,best_epoch_test_accuracy,best_val_accuracy,budget,data_seed,dataset,dataset_id,device,epochs,final_test_accuracy,final_test_loss,max_len,optimizer,phase,run_dir,run_name,seconds_per_epoch_mean,seed,test_size,total_seconds,train_size,validation_size,vocab_size
64,1,0.5,0.514,default,13,imdb,stanfordnlp/imdb,cuda,5,0.5,nan,512,sgd,default,C:\github\imdb_NLP_OPTIMIZER\results\imdb\runs\default_imdb_sgd_seed101,default_imdb_sgd_seed101,3.734234839992132,101,25000,36.08715229999507,22500,2500,45104
64,1,0.5,0.514,default,13,imdb,stanfordnlp/imdb,cuda,5,0.5,nan,512,sgd,default,C:\github\imdb_NLP_OPTIMIZER\results\imdb\runs\default_imdb_sgd_seed102,default_imdb_sgd_seed102,3.7068503199960103,102,25000,35.6919769999804,22500,2500,45104
64,1,0.5,0.514,default,13,imdb,stanfordnlp/imdb,cuda,5,0.5,nan,512,sgd,default,C:\github\imdb_NLP_OPTIMIZER\results\imdb\runs\default_imdb_sgd_seed103,default_imdb_sgd_seed103,3.7870308599900455,103,25000,36.30351330002304,22500,2500,45104
64,1,0.5,0.514,default,13,imdb,stanfordnlp/imdb,cuda,5,0.5,nan,512,sgd,default,C:\github\imdb_NLP_OPTIMIZER\results\imdb\runs\default_imdb_sgd_seed104,default_imdb_sgd_seed104,3.918827680009417,104,25000,37.34982730000047,22500,2500,45104
64,1,0.5,0.514,default,13,imdb,stanfordnlp/imdb,cuda,5,0.5,nan,512,sgd,default,C:\github\imdb_NLP_OPTIMIZER\results\imdb\runs\default_imdb_sgd_seed105,default_imdb_sgd_seed105,3.8048830399871805,105,25000,37.84629799996037,22500,2500,45104
64,5,0.8764,0.8772,default,13,imdb,stanfordnlp/imdb,cuda,5,0.8764,0.28807091775894167,512,adam,default,C:\github\imdb_NLP_OPTIMIZER\results\imdb\runs\default_imdb_adam_seed101,default_imdb_adam_seed101,3.980075180006679,101,25000,36.80050770001253,22500,2500,45104
64,5,0.8836,0.8768,default,13,imdb,stanfordnlp/imdb,cuda,5,0.8836,0.2774063415622711,512,adam,default,C:\github\imdb_NLP_OPTIMIZER\results\imdb\runs\default_imdb_adam_seed102,default_imdb_adam_seed102,3.984515820001252,102,25000,36.872802099969704,22500,2500,45104
64,5,0.88116,0.8796,default,13,imdb,stanfordnlp/imdb,cuda,5,0.88116,0.28444054574012756,512,adam,default,C:\github\imdb_NLP_OPTIMIZER\results\imdb\runs\default_imdb_adam_seed103,default_imdb_adam_seed103,3.983900279982481,103,25000,36.81009010004345,22500,2500,45104
64,5,0.87776,0.8712,default,13,imdb,stanfordnlp/imdb,cuda,5,0.87776,0.2896814162397385,512,adam,default,C:\github\imdb_NLP_OPTIMIZER\results\imdb\runs\default_imdb_adam_seed104,default_imdb_adam_seed104,3.989685380004812,104,25000,36.855204200022854,22500,2500,45104
64,5,0.86376,0.866,default,13,imdb,stanfordnlp/imdb,cuda,5,0.86376,0.31462871523857117,512,adam,default,C:\github\imdb_NLP_OPTIMIZER\results\imdb\runs\default_imdb_adam_seed105,default_imdb_adam_seed105,3.98931813997915,105,25000,36.82874139997875,22500,2500,45104
64,4,0.85396,0.8504,default,13,imdb,stanfordnlp/imdb,cuda,5,0.84276,0.37363379667282104,512,rmsprop,default,C:\github\imdb_NLP_OPTIMIZER\results\imdb\runs\default_imdb_rmsprop_seed101,default_imdb_rmsprop_seed101,3.840223880019039,101,25000,36.093937000026926,22500,2500,45104
64,5,0.86968,0.8652,default,13,imdb,stanfordnlp/imdb,cuda,5,0.86968,0.3069297858333588,512,rmsprop,default,C:\github\imdb_NLP_OPTIMIZER\results\imdb\runs\default_imdb_rmsprop_seed102,default_imdb_rmsprop_seed102,3.8432289000134916,102,25000,36.15629999997327,22500,2500,45104
64,5,0.87496,0.868,default,13,imdb,stanfordnlp/imdb,cuda,5,0.87496,0.29725999980926515,512,rmsprop,default,C:\github\imdb_NLP_OPTIMIZER\results\imdb\runs\default_imdb_rmsprop_seed103,default_imdb_rmsprop_seed103,3.8557604799978433,103,25000,36.2180679999874,22500,2500,45104
64,5,0.86528,0.8616,default,13,imdb,stanfordnlp/imdb,cuda,5,0.86528,0.31790475847244265,512,rmsprop,default,C:\github\imdb_NLP_OPTIMIZER\results\imdb\runs\default_imdb_rmsprop_seed104,default_imdb_rmsprop_seed104,3.8428217800101265,104,25000,36.10968900000444,22500,2500,45104
64,5,0.85444,0.8568,default,13,imdb,stanfordnlp/imdb,cuda,5,0.85444,0.34186277565002443,512,rmsprop,default,C:\github\imdb_NLP_OPTIMIZER\results\imdb\runs\default_imdb_rmsprop_seed105,default_imdb_rmsprop_seed105,3.839385480014607,105,25000,36.13452540000435,22500,2500,45104
64,5,0.87896,0.876,default,13,imdb,stanfordnlp/imdb,cuda,5,0.87896,0.28644628685474394,512,adamw,default,C:\github\imdb_NLP_OPTIMIZER\results\imdb\runs\default_imdb_adamw_seed101,default_imdb_adamw_seed101,4.051555120013655,101,25000,37.18608730001142,22500,2500,45104
64,5,0.88108,0.8784,default,13,imdb,stanfordnlp/imdb,cuda,5,0.88108,0.2786073517513275,512,adamw,default,C:\github\imdb_NLP_OPTIMIZER\results\imdb\runs\default_imdb_adamw_seed102,default_imdb_adamw_seed102,4.050911279977299,102,25000,37.3037253000075,22500,2500,45104
64,5,0.88224,0.8796,default,13,imdb,stanfordnlp/imdb,cuda,5,0.88224,0.28134654164791106,512,adamw,default,C:\github\imdb_NLP_OPTIMIZER\results\imdb\runs\default_imdb_adamw_seed103,default_imdb_adamw_seed103,4.064552839996759,103,25000,37.14737589994911,22500,2500,45104
64,5,0.87824,0.8752,default,13,imdb,stanfordnlp/imdb,cuda,5,0.87824,0.28934788646697995,512,adamw,default,C:\github\imdb_NLP_OPTIMIZER\results\imdb\runs\default_imdb_adamw_seed104,default_imdb_adamw_seed104,4.085596960014664,104,25000,37.52144629997201,22500,2500,45104
64,5,0.86228,0.8668,default,13,imdb,stanfordnlp/imdb,cuda,5,0.86228,0.3175146212863922,512,adamw,default,C:\github\imdb_NLP_OPTIMIZER\results\imdb\runs\default_imdb_adamw_seed105,default_imdb_adamw_seed105,4.06485630000243,105,25000,37.459039999987,22500,2500,45104
