best_val_accuracy,budget,dataset,dropout,final_test_accuracy,lr,momentum,optimizer,phase,run_dir,run_name,seed,total_seconds,trial,weight_decay
0.542,small_tuned,imdb,0.5536479181745187,0.5,0.0020965295905274093,0.0,sgd,tuning,C:\github\imdb_NLP_OPTIMIZER\results\imdb\runs\tune_imdb_sgd_trial001_seed101,tune_imdb_sgd_trial001_seed101,101,36.98141360003501,1,3.623377338919152e-05
0.514,small_tuned,imdb,0.4191245819401792,0.5,0.26005045374738617,0.9,sgd,tuning,C:\github\imdb_NLP_OPTIMIZER\results\imdb\runs\tune_imdb_sgd_trial002_seed101,tune_imdb_sgd_trial002_seed101,101,36.12579190003453,2,1.2678701610728408e-05
0.514,small_tuned,imdb,0.3764379985330524,0.5,0.09369206855528245,0.9,sgd,tuning,C:\github\imdb_NLP_OPTIMIZER\results\imdb\runs\tune_imdb_sgd_trial003_seed101,tune_imdb_sgd_trial003_seed101,101,36.26234780001687,3,0.0005690229604198776
0.548,small_tuned,imdb,0.5267045411409486,0.5,0.001015877777385422,0.5,sgd,tuning,C:\github\imdb_NLP_OPTIMIZER\results\imdb\runs\tune_imdb_sgd_trial004_seed101,tune_imdb_sgd_trial004_seed101,101,37.84443980001379,4,0.0
0.828,small_tuned,imdb,0.3256932503289719,0.83516,0.016353281228575118,0.9,sgd,tuning,C:\github\imdb_NLP_OPTIMIZER\results\imdb\runs\tune_imdb_sgd_trial005_seed101,tune_imdb_sgd_trial005_seed101,101,37.77292800002033,5,0.0002666185347276668
0.7404,small_tuned,imdb,0.5220543604384198,0.75756,0.011805322449649245,0.5,sgd,tuning,C:\github\imdb_NLP_OPTIMIZER\results\imdb\runs\tune_imdb_sgd_trial006_seed101,tune_imdb_sgd_trial006_seed101,101,36.15306270000292,6,0.009875200262687754
0.514,small_tuned,imdb,0.23586598800853054,0.5,0.4989326136828701,0.5,sgd,tuning,C:\github\imdb_NLP_OPTIMIZER\results\imdb\runs\tune_imdb_sgd_trial007_seed101,tune_imdb_sgd_trial007_seed101,101,36.039324300014414,7,2.40768410338637e-07
0.822,small_tuned,imdb,0.5505899239921421,0.82304,0.028328301813956985,0.0,sgd,tuning,C:\github\imdb_NLP_OPTIMIZER\results\imdb\runs\tune_imdb_sgd_trial008_seed101,tune_imdb_sgd_trial008_seed101,101,34.96552999998676,8,0.0
0.514,small_tuned,imdb,0.34753784049612946,0.5,0.0794344457582428,0.9,sgd,tuning,C:\github\imdb_NLP_OPTIMIZER\results\imdb\runs\tune_imdb_sgd_trial009_seed101,tune_imdb_sgd_trial009_seed101,101,36.157524599984754,9,1.3295249991209444e-07
0.7804,small_tuned,imdb,0.42177961319224555,0.7106,0.017555811465038672,0.9,sgd,tuning,C:\github\imdb_NLP_OPTIMIZER\results\imdb\runs\tune_imdb_sgd_trial010_seed101,tune_imdb_sgd_trial010_seed101,101,35.60438229999272,10,0.0
0.8516,small_tuned,imdb,0.5467018949990428,0.8592,0.003996463476124038,0.0,adam,tuning,C:\github\imdb_NLP_OPTIMIZER\results\imdb\runs\tune_imdb_adam_trial001_seed101,tune_imdb_adam_trial001_seed101,101,37.744469599972945,1,0.001029784244242517
0.8792,small_tuned,imdb,0.5377910835145895,0.88184,0.004229610429138145,0.0,adam,tuning,C:\github\imdb_NLP_OPTIMIZER\results\imdb\runs\tune_imdb_adam_trial002_seed101,tune_imdb_adam_trial002_seed101,101,37.72730189998401,2,4.200138097015516e-05
0.8336,small_tuned,imdb,0.5220692575734143,0.84672,0.0004920399746484653,0.0,adam,tuning,C:\github\imdb_NLP_OPTIMIZER\results\imdb\runs\tune_imdb_adam_trial003_seed101,tune_imdb_adam_trial003_seed101,101,37.7733498000307,3,3.670684788279955e-05
0.826,small_tuned,imdb,0.5850901028652866,0.83632,0.0005327809911506292,0.0,adam,tuning,C:\github\imdb_NLP_OPTIMIZER\results\imdb\runs\tune_imdb_adam_trial004_seed101,tune_imdb_adam_trial004_seed101,101,37.76950990001205,4,0.0012321426722346914
0.8352,small_tuned,imdb,0.3717638119162331,0.8478,0.00037123561502651125,0.0,adam,tuning,C:\github\imdb_NLP_OPTIMIZER\results\imdb\runs\tune_imdb_adam_trial005_seed101,tune_imdb_adam_trial005_seed101,101,37.72427299997071,5,0.0003859558585800322
0.7376,small_tuned,imdb,0.24880530126890688,0.74416,2.6744695831975176e-05,0.0,adam,tuning,C:\github\imdb_NLP_OPTIMIZER\results\imdb\runs\tune_imdb_adam_trial006_seed101,tune_imdb_adam_trial006_seed101,101,37.8630946999765,6,0.0017706953225300683
0.8532,small_tuned,imdb,0.5838488190985489,0.86312,0.001265091563022138,0.0,adam,tuning,C:\github\imdb_NLP_OPTIMIZER\results\imdb\runs\tune_imdb_adam_trial007_seed101,tune_imdb_adam_trial007_seed101,101,37.703460499993525,7,0.0003737804430935867
0.8508,small_tuned,imdb,0.3608321269445238,0.82256,0.008641711550126045,0.0,adam,tuning,C:\github\imdb_NLP_OPTIMIZER\results\imdb\runs\tune_imdb_adam_trial008_seed101,tune_imdb_adam_trial008_seed101,101,37.25937400001567,8,0.0
0.868,small_tuned,imdb,0.4793294235434916,0.87456,0.00987760714204661,0.0,adam,tuning,C:\github\imdb_NLP_OPTIMIZER\results\imdb\runs\tune_imdb_adam_trial009_seed101,tune_imdb_adam_trial009_seed101,101,37.74463720002677,9,0.00017152015510067938
0.8792,small_tuned,imdb,0.5327367999226926,0.86944,0.0025982618383131907,0.0,adam,tuning,C:\github\imdb_NLP_OPTIMIZER\results\imdb\runs\tune_imdb_adam_trial010_seed101,tune_imdb_adam_trial010_seed101,101,37.712393400026485,10,1.0295719444573846e-06
0.7792,small_tuned,imdb,0.5842684848851782,0.78892,1.077102092739577e-05,0.9,rmsprop,tuning,C:\github\imdb_NLP_OPTIMIZER\results\imdb\runs\tune_imdb_rmsprop_trial001_seed101,tune_imdb_rmsprop_trial001_seed101,101,37.252556600025855,1,0.0
0.8532,small_tuned,imdb,0.3040442070145843,0.83844,0.006223434764211037,0.0,rmsprop,tuning,C:\github\imdb_NLP_OPTIMIZER\results\imdb\runs\tune_imdb_rmsprop_trial002_seed101,tune_imdb_rmsprop_trial002_seed101,101,36.984554399969056,2,6.3049162357275286e-06
0.8352,small_tuned,imdb,0.4231352021214292,0.84716,0.00048795836762971555,0.5,rmsprop,tuning,C:\github\imdb_NLP_OPTIMIZER\results\imdb\runs\tune_imdb_rmsprop_trial003_seed101,tune_imdb_rmsprop_trial003_seed101,101,37.77694489998976,3,0.001351660280430901
0.8068,small_tuned,imdb,0.3753804167787228,0.77916,0.014278239579800532,0.0,rmsprop,tuning,C:\github\imdb_NLP_OPTIMIZER\results\imdb\runs\tune_imdb_rmsprop_trial004_seed101,tune_imdb_rmsprop_trial004_seed101,101,36.955804500030354,4,3.830765213719995e-06
0.8492,small_tuned,imdb,0.5869071138673321,0.78008,0.003100427220161908,0.0,rmsprop,tuning,C:\github\imdb_NLP_OPTIMIZER\results\imdb\runs\tune_imdb_rmsprop_trial005_seed101,tune_imdb_rmsprop_trial005_seed101,101,37.040900100022554,5,1.9685922499509777e-06
0.7436,small_tuned,imdb,0.5613054737401626,0.72624,0.008496992822036996,0.5,rmsprop,tuning,C:\github\imdb_NLP_OPTIMIZER\results\imdb\runs\tune_imdb_rmsprop_trial006_seed101,tune_imdb_rmsprop_trial006_seed101,101,37.80561099998886,6,2.0964078432847784e-07
0.854,small_tuned,imdb,0.25854347184120063,0.85748,0.00019363445014677243,0.5,rmsprop,tuning,C:\github\imdb_NLP_OPTIMIZER\results\imdb\runs\tune_imdb_rmsprop_trial007_seed101,tune_imdb_rmsprop_trial007_seed101,101,37.23599509999622,7,0.0
0.5684,small_tuned,imdb,0.4322559969025568,0.54796,0.015371438571327427,0.5,rmsprop,tuning,C:\github\imdb_NLP_OPTIMIZER\results\imdb\runs\tune_imdb_rmsprop_trial008_seed101,tune_imdb_rmsprop_trial008_seed101,101,37.24692569999024,8,0.0
0.7564,small_tuned,imdb,0.29913504457717804,0.72076,0.017429989196606557,0.0,rmsprop,tuning,C:\github\imdb_NLP_OPTIMIZER\results\imdb\runs\tune_imdb_rmsprop_trial009_seed101,tune_imdb_rmsprop_trial009_seed101,101,36.477356799994595,9,0.0
0.7772,small_tuned,imdb,0.5030645657640949,0.78724,0.001443949177912302,0.9,rmsprop,tuning,C:\github\imdb_NLP_OPTIMIZER\results\imdb\runs\tune_imdb_rmsprop_trial010_seed101,tune_imdb_rmsprop_trial010_seed101,101,37.81990220001899,10,0.006051101752647572
0.7904,small_tuned,imdb,0.4658325302096171,0.8052,0.00011796465340431172,0.0,adamw,tuning,C:\github\imdb_NLP_OPTIMIZER\results\imdb\runs\tune_imdb_adamw_trial001_seed101,tune_imdb_adamw_trial001_seed101,101,36.9089065999724,1,0.0
0.856,small_tuned,imdb,0.4759026459469575,0.86256,0.0005282637038757124,0.0,adamw,tuning,C:\github\imdb_NLP_OPTIMIZER\results\imdb\runs\tune_imdb_adamw_trial002_seed101,tune_imdb_adamw_trial002_seed101,101,37.325947500008624,2,0.014594943365913191
0.8652,small_tuned,imdb,0.2524865119405909,0.84104,0.006494424662202025,0.0,adamw,tuning,C:\github\imdb_NLP_OPTIMIZER\results\imdb\runs\tune_imdb_adamw_trial003_seed101,tune_imdb_adamw_trial003_seed101,101,453.7099030999816,3,6.884956037510543e-05
0.872,small_tuned,imdb,0.36711157461570165,0.87568,0.0006228869755193548,0.0,adamw,tuning,C:\github\imdb_NLP_OPTIMIZER\results\imdb\runs\tune_imdb_adamw_trial004_seed101,tune_imdb_adamw_trial004_seed101,101,456.181545200001,4,5.547290250302147e-06
0.7248,small_tuned,imdb,0.5129644540399794,0.7342,3.0224877177550147e-05,0.0,adamw,tuning,C:\github\imdb_NLP_OPTIMIZER\results\imdb\runs\tune_imdb_adamw_trial005_seed101,tune_imdb_adamw_trial005_seed101,101,266.1790372999967,5,0.0
0.8712,small_tuned,imdb,0.259414519429299,0.8784,0.0005729115362560005,0.0,adamw,tuning,C:\github\imdb_NLP_OPTIMIZER\results\imdb\runs\tune_imdb_adamw_trial006_seed101,tune_imdb_adamw_trial006_seed101,101,138.32711790001485,6,2.200107213886325e-05
0.8876,small_tuned,imdb,0.3557391908400379,0.86436,0.0026346523896411816,0.0,adamw,tuning,C:\github\imdb_NLP_OPTIMIZER\results\imdb\runs\tune_imdb_adamw_trial007_seed101,tune_imdb_adamw_trial007_seed101,101,45.68302359996596,7,0.056617020074390186
0.6704,small_tuned,imdb,0.5738174759433678,0.67596,1.660733696265208e-05,0.0,adamw,tuning,C:\github\imdb_NLP_OPTIMIZER\results\imdb\runs\tune_imdb_adamw_trial008_seed101,tune_imdb_adamw_trial008_seed101,101,129.84218620002503,8,0.0007544573176397194
0.8608,small_tuned,imdb,0.3904097686045171,0.81068,0.006842479857925601,0.0,adamw,tuning,C:\github\imdb_NLP_OPTIMIZER\results\imdb\runs\tune_imdb_adamw_trial009_seed101,tune_imdb_adamw_trial009_seed101,101,44.89499120000983,9,0.0
0.8828,small_tuned,imdb,0.3990278719329302,0.88104,0.0011178497370271819,0.0,adamw,tuning,C:\github\imdb_NLP_OPTIMIZER\results\imdb\runs\tune_imdb_adamw_trial010_seed101,tune_imdb_adamw_trial010_seed101,101,61.59186340001179,10,0.03046081139867864
